token|source|price_usd|price_change_24h|liquidity|block_id|fetched_at
RAY|jupiter|0.6332298240437279|0.12620513809164216|8887666.58140559|412106691|2026-04-09T16:31:45.747196+00:00
BONK|jupiter|5.869971884032002e-06|-1.0572277205020402|3000571.1225047633|412106669|2026-04-09T16:31:45.747196+00:00
DRIFT|jupiter|0.02920152577303016|-8.842271782614402|106222.20386147917|412104829|2026-04-09T16:31:45.747196+00:00
WIF|jupiter|0.19805212667002847|2.1930594823792116|5188440.266392314|412106690|2026-04-09T16:31:45.747196+00:00
USDC|jupiter|0.9999535122032617|-0.007380869040190259|487052429.3202312|412106691|2026-04-09T16:31:45.747196+00:00
USDT|jupiter|1.0000865086322288|0.0001539458347418021|33364295.866857618|412106690|2026-04-09T16:31:45.747196+00:00
PYTH|jupiter|0.046171386927624056|5.79577149467262|162134.70767574996|412106680|2026-04-09T16:31:45.747196+00:00
JitoSOL|jupiter|106.40844070734893|0.5161937809479269|933255051.7663846|412106667|2026-04-09T16:31:45.747196+00:00
JUP|jupiter|0.1621047931584495|-0.3915900395459593|3237473.6830356643|412106680|2026-04-09T16:31:45.747196+00:00
KMNO|jupiter|0.019189203825603993|-1.4615573315043835|1541261.6817664953|412106620|2026-04-09T16:31:45.747196+00:00
SOL|jupiter|83.5692686566808|0.5362581307288792|666997572.1664821|412106689|2026-04-09T16:31:45.747196+00:00
HNT|jupiter|1.019410991542402|-2.1422739313085692|468579.34884936543|412106677|2026-04-09T16:31:45.747196+00:00
JTO|jupiter|0.2894004540483313|4.074114075126734|134418.37608782895|412106628|2026-04-09T16:31:45.747196+00:00
mSOL|jupiter|114.6393413106868|0.5559130520822682|271504267.244331|412106667|2026-04-09T16:31:45.747196+00:00
ORCA|jupiter|0.8998327180744861|0.6524637501943356|364637.6044330184|412106403|2026-04-09T16:31:45.747196+00:00
RENDER|jupiter|2.0709451067131157|0.8367072824402809|655112.5755304333|412106496|2026-04-09T16:31:45.747196+00:00
RAY|jupiter|0.6325130977355505|0.16142782084341947|8873950.539262963|412107005|2026-04-09T16:33:54.438482+00:00
BONK|jupiter|5.8649559948243934e-06|-0.8215795969644372|2999760.1563309273|412106923|2026-04-09T16:33:54.438482+00:00
DRIFT|jupiter|0.029219546961848857|-8.98351402819017|106056.48789678629|412106852|2026-04-09T16:33:54.438482+00:00
WIF|jupiter|0.19787949429895296|2.125904110999501|5188705.0819661105|412106908|2026-04-09T16:33:54.438482+00:00
USDC|jupiter|1.000097490326168|0.012618522030022788|485714160.88680947|412107011|2026-04-09T16:33:54.438482+00:00
USDT|jupiter|1.0002257737970965|0.019941077774074778|33316581.533644784|412107011|2026-04-09T16:33:54.438482+00:00
PYTH|jupiter|0.04616795010238041|5.792745268959342|162130.08267954187|412106921|2026-04-09T16:33:54.438482+00:00
JitoSOL|jupiter|106.3237403205743|0.5985770540222914|932512187.2490185|412106997|2026-04-09T16:33:54.438482+00:00
JUP|jupiter|0.16178852688050332|-0.5606026719750081|3225526.250672006|412107009|2026-04-09T16:33:54.438482+00:00
KMNO|jupiter|0.019173144677649242|-0.5851663249634739|1539993.1973646262|412106964|2026-04-09T16:33:54.438482+00:00
SOL|jupiter|83.44959714976054|0.3840231466935598|666979929.8263874|412107011|2026-04-09T16:33:54.438482+00:00
HNT|jupiter|1.0197998800997845|-1.7382733665937986|467945.81453415623|412106897|2026-04-09T16:33:54.438482+00:00
JTO|jupiter|0.28777437366668024|3.489343482102658|134081.04750373153|412106921|2026-04-09T16:33:54.438482+00:00
mSOL|jupiter|114.54216541064869|0.5912349942263151|271274122.2414724|412107001|2026-04-09T16:33:54.438482+00:00
ORCA|jupiter|0.8976715572039321|0.5704825814593607|365264.34097883303|412106754|2026-04-09T16:33:54.438482+00:00
RENDER|jupiter|2.0549664643167276|-0.21231361517519629|651970.0357144214|412106956|2026-04-09T16:33:54.438482+00:00
RAY|jupiter|0.6314571492868891|-0.0027319857975095425|8869897.253431795|412107215|2026-04-09T16:35:17.721944+00:00
BONK|jupiter|5.853344346187695e-06|-1.1868434960129504|2999386.023345934|412107170|2026-04-09T16:35:17.721944+00:00
DRIFT|jupiter|0.029219546961848857|-10.137470238613421|106056.48789678629|412106852|2026-04-09T16:35:17.721944+00:00
WIF|jupiter|0.19755927502425125|1.9569666353264676|5180600.663188235|412107215|2026-04-09T16:35:17.721944+00:00
USDC|jupiter|1.0000702968880655|0.001907701037829901|485627606.8888221|412107223|2026-04-09T16:35:17.721944+00:00
USDT|jupiter|1.0002035083548424|0.009898759764010326|33300681.30646763|412107223|2026-04-09T16:35:17.721944+00:00
PYTH|jupiter|0.04590676926398353|5.206151702469943|161043.16423393218|412107213|2026-04-09T16:35:17.721944+00:00
JitoSOL|jupiter|106.15343807580793|0.42305947015971723|931018551.6951743|412107216|2026-04-09T16:35:17.721944+00:00
JUP|jupiter|0.16170714525408025|-0.525855334893176|3227555.938818013|412107189|2026-04-09T16:35:17.721944+00:00
KMNO|jupiter|0.019152805477505894|-0.6714898363962719|1539933.3148044408|412107147|2026-04-09T16:35:17.721944+00:00
SOL|jupiter|83.42197694901765|0.33705728659744566|666848958.9854316|412107223|2026-04-09T16:35:17.721944+00:00
HNT|jupiter|1.0197998800997845|-2.0845811072695875|467945.81502446084|412106897|2026-04-09T16:35:17.721944+00:00
JTO|jupiter|0.28736825192101495|3.3432940882765516|134042.56407574716|412107114|2026-04-09T16:35:17.721944+00:00
mSOL|jupiter|114.43889171231129|0.48914280105488456|271029535.6146467|412107059|2026-04-09T16:35:17.721944+00:00
ORCA|jupiter|0.8974444164931193|0.5008634183502381|367254.3360883215|412107168|2026-04-09T16:35:17.721944+00:00
RENDER|jupiter|2.0530535622242803|-0.30520275833183513|651412.4115846413|412107092|2026-04-09T16:35:17.721944+00:00
RAY|jupiter|0.6309134280643539|-0.14470841474288054|8853559.67152995|412107533|2026-04-09T16:37:30.624201+00:00
BONK|jupiter|5.862132192211646e-06|-1.0612474896562776|3000928.7554722815|412107553|2026-04-09T16:37:30.624201+00:00
DRIFT|jupiter|0.02911634004369154|-10.454875390945253|105992.53591897157|412107241|2026-04-09T16:37:30.624201+00:00
WIF|jupiter|0.19841836225000123|2.2256158794232874|5181096.281056417|412107543|2026-04-09T16:37:30.624201+00:00
USDC|jupiter|0.9999129098076367|-0.019880361775521837|485614099.8786053|412107555|2026-04-09T16:37:30.624201+00:00
USDT|jupiter|1.0000400721211218|-0.01239103420614761|33303523.62261688|412107555|2026-04-09T16:37:30.624201+00:00
PYTH|jupiter|0.045931288841229205|5.183528044882971|160867.24382555965|412107515|2026-04-09T16:37:30.624201+00:00
JitoSOL|jupiter|106.10599408059727|0.3349610246168416|930602444.2142644|412107551|2026-04-09T16:37:30.624201+00:00
JUP|jupiter|0.16096216605468608|-0.9755611196391524|3226822.3023409233|412107552|2026-04-09T16:37:30.624201+00:00
KMNO|jupiter|0.019174238072080737|-0.6302960568159659|1540085.893592285|412107432|2026-04-09T16:37:30.624201+00:00
SOL|jupiter|83.47350491165069|0.3898227957894177|666719152.7526344|412107555|2026-04-09T16:37:30.624201+00:00
HNT|jupiter|1.0174297641393837|-2.3121462419745304|467853.3275040088|412107479|2026-04-09T16:37:30.624201+00:00
JTO|jupiter|0.28736825192101495|2.900940692309009|134042.56407574716|412107114|2026-04-09T16:37:30.624201+00:00
mSOL|jupiter|114.32722574895999|0.3311942281500024|270765073.2999718|412107393|2026-04-09T16:37:30.624201+00:00
ORCA|jupiter|0.89667544452477|0.35566589080735583|368120.1695524121|412107531|2026-04-09T16:37:30.624201+00:00
RENDER|jupiter|2.0530535622242803|0.17628069104425845|651412.4115846413|412107092|2026-04-09T16:37:30.624201+00:00
RAY|jupiter|0.631937407493907|0.0007396477744084273|8849183.4367943|412107835|2026-04-09T16:39:23.549763+00:00
BONK|jupiter|5.860848855746866e-06|-1.136899619793493|3000741.8921639035|412107839|2026-04-09T16:39:23.549763+00:00
DRIFT|jupiter|0.028654972608947126|-11.200282412988468|108175.97869135585|412107717|2026-04-09T16:39:23.549763+00:00
WIF|jupiter|0.19777119519971126|1.73614944403757|5180940.039865393|412107819|2026-04-09T16:39:23.549763+00:00
USDC|jupiter|0.9999635613646948|-0.004107591804662824|485606574.16428936|412107839|2026-04-09T16:39:23.549763+00:00
USDT|jupiter|1.0000985029358604|0.0034056234476772056|33292317.457301855|412107839|2026-04-09T16:39:23.549763+00:00
PYTH|jupiter|0.04616189359822164|5.854625734998164|161517.90899745462|412107830|2026-04-09T16:39:23.549763+00:00
JitoSOL|jupiter|106.14695270305734|0.3236168847683736|930961930.4297149|412107830|2026-04-09T16:39:23.549763+00:00
JUP|jupiter|0.16105450885498335|-1.0682428540145308|3228452.548749532|412107816|2026-04-09T16:39:23.549763+00:00
KMNO|jupiter|0.01917359555801981|-0.461341851056737|1540131.829908332|412107802|2026-04-09T16:39:23.549763+00:00
SOL|jupiter|83.0740890538152|-0.1367128710245363|666398651.1958165|412107839|2026-04-09T16:39:23.549763+00:00
HNT|jupiter|1.0168544930827956|-2.3688756949417655|467843.82363971835|412107628|2026-04-09T16:39:23.549763+00:00
JTO|jupiter|0.28598589708583777|2.4059465098988007|133927.98920672422|412107830|2026-04-09T16:39:23.549763+00:00
mSOL|jupiter|114.35788357006787|0.36368303284706777|270837681.2647423|412107816|2026-04-09T16:39:23.549763+00:00
ORCA|jupiter|0.8983322530110682|0.8841885302925269|372843.9802391459|412107839|2026-04-09T16:39:23.549763+00:00
RENDER|jupiter|2.0530535622242803|0.16123487747577298|651407.5590675796|412107092|2026-04-09T16:39:23.549763+00:00
